,,,,,,,,,,,,72,,72,72,72,72,72,,,72,,,,,72,72,72,72,72,72,72,,,,,,,,,11,11,11,11,11,11,11,,11,,,,,,,11,,,,,,,,,,,,,,,,,,,,,,,,,,,,,,,,,,,,,,,,14,14,14,14,14,,,,,,,,,,,,,,,,,,,,,,,,,,,,,,,47,,47,,,,,,,,,,,,,,,,
,,,,,,,,,,,,,,,,72,72,72,72,,72,,72,,,,72,72,72,72,72,72,72,,,,,,11,,11,11,11,11,11,11,,11,,,,,,,,,,,,,,,,,,,,,,,,,,,11,11,11,11,11,11,,,,,,,,,,,,,,,14,14,,,,,,,,,,,,,,,,,,,,,47,47,,47,47,,,,,,,,,,,,,,,,,,,,,,,,,,47,,
,,72,72,,,,,,,,,,,72,72,72,72,72,72,,,,72,72,,,,,,,72,72,72,72,,,,,,,11,11,11,11,11,,,,,11,,,,,,,,,,,,,,,,,,,,,,11,11,11,11,11,11,11,,,14,14,,,,,,,,,,,,14,14,,,,,,,,,,,,,,,,,47,47,47,47,47,47,,47,47,47,,,,,,,47,47,,,,47,47,47,47,,,,,,,,,,,,,
,72,72,72,72,,,,72,72,,72,72,,,72,72,,,,,72,,,72,,,72,,,72,,72,72,72,,,,,,11,11,11,11,11,11,,,,,,11,11,11,,,,,,,,,,,,,,,,11,,11,,,11,11,11,11,11,11,11,,14,14,14,,,,,,,14,,,,14,14,,,,,,47,,47,,47,47,,47,47,47,47,47,47,47,47,47,47,47,,,47,47,47,47,47,47,47,47,,47,47,47,47,47,47,47,47,47,,,47,,47,47,47,,,
72,,72,,,72,72,,72,72,72,72,72,72,,,,,72,,,,72,72,72,72,72,72,,,,,72,,72,,72,,,,,11,11,11,11,11,,,,,,11,,,,,,,,,,,,,,,,11,11,,,,11,11,11,11,11,11,11,11,11,14,14,14,14,14,,,,14,,,,,,,,,,,,47,47,,47,47,47,47,47,47,47,47,47,47,47,47,47,47,47,47,47,47,47,47,47,47,47,47,47,47,47,47,47,47,47,47,47,47,47,47,47,47,47,47,47,47,,47,,
,,72,72,72,72,,72,72,72,72,72,72,72,72,72,72,,72,72,72,72,72,72,72,72,72,72,,,72,72,,72,72,,,,,,11,11,11,11,,,,,,,,,,,,,,,,,,,,,,,11,11,,,11,11,11,11,11,11,,,11,11,11,14,14,,,,,14,,14,,14,14,14,,,,14,15,15,,47,47,,,47,47,47,47,47,47,47,47,,,47,47,47,47,47,47,47,47,47,47,47,47,47,47,47,,47,47,,47,,47,47,47,47,47,47,47,47,47,47,,47,47,
72,72,72,,72,72,72,,72,72,,,,72,72,72,72,72,72,72,72,72,72,72,72,72,,,,,,,72,72,72,,,,,,,11,11,,11,,,,,,,,,,,,,,,,,,,,,11,,,11,11,11,11,11,11,,,,11,11,,11,11,14,14,,14,,14,14,14,14,14,14,14,14,14,14,14,15,,47,47,,,47,47,47,47,47,47,47,47,47,,47,47,47,47,47,47,47,47,47,47,47,47,47,47,47,47,,47,47,47,,,47,47,47,47,,47,47,47,47,47,47,,47,
,72,72,72,72,72,72,72,,72,72,,72,72,72,72,72,72,72,72,72,72,,72,72,,72,72,,,,,,72,,,,,,,,11,,,,,,,,,,,,,,,,,,,,,,,,11,,11,11,11,11,11,11,,,,11,11,,11,,11,14,14,14,14,14,14,14,14,14,14,14,14,14,14,14,15,15,47,47,47,47,47,47,47,47,47,47,47,47,47,47,47,47,47,47,47,47,47,47,47,47,47,47,47,47,47,47,47,47,,,47,47,47,,47,47,,47,47,47,47,47,,47,,,
72,72,,,,72,72,72,,72,72,72,72,72,,72,72,72,72,,72,72,72,72,,,72,,72,,72,72,,,,,,,,,,,11,11,,,,,,,,,,,,,0,,,,,,,,,11,11,11,,11,,11,11,11,,,11,11,11,11,11,11,,14,,14,14,14,14,14,14,14,14,15,15,15,15,,15,47,47,47,47,47,47,47,47,47,47,47,47,47,47,47,47,47,47,47,47,47,47,47,47,47,47,47,47,47,47,47,47,47,47,,,,47,,,,47,,47,47,,,,,,47
72,72,,72,72,,72,72,72,,72,72,72,,,,72,72,72,72,72,72,72,,,,,,,,72,72,72,,,,,,,,,,,,,,,,,,,,,,,0,0,0,,,,,,,,,,,,11,11,,11,,,,,,,,,12,,12,12,12,14,14,14,14,14,14,14,15,15,15,,15,15,47,47,47,47,47,47,47,47,47,47,47,47,47,47,47,47,47,47,47,47,47,47,47,47,47,47,47,47,47,47,47,47,47,47,47,47,47,47,47,47,,,,47,,,,,,,
,,,72,,,,,72,72,72,72,72,72,72,72,72,72,72,72,72,72,72,,,,,,,72,72,72,72,,71,,,,,,,,,,,,,,,,,,,,,,,0,,,,,,,,,,11,,,11,11,11,,11,,,10,10,10,10,12,12,12,12,12,12,12,12,12,12,12,12,15,15,15,,15,47,47,47,47,47,47,47,47,47,47,47,47,47,47,47,47,47,47,47,47,47,47,47,47,47,47,47,47,,,,47,,47,47,,47,,,,,,,47,47,,,,,,,
72,,,,,,,72,,,72,72,72,72,72,,,72,72,72,72,72,72,,,,,,,,72,72,72,72,71,71,,,,,,,,,,,,,,,,,,,,,0,0,,,,,,,,,11,11,,,11,11,,,,,,,10,10,,12,12,12,12,12,12,12,12,12,12,12,12,12,15,15,,15,47,47,47,47,47,47,47,47,47,47,47,47,47,47,47,47,47,47,47,47,47,47,,47,47,,47,,45,,45,,45,,,47,,,,,,,,47,,47,,,,,,
,,,,,,,,72,,68,,65,65,72,72,72,72,,72,72,72,72,72,,,,,,,72,72,72,72,72,71,71,,,,,,,,,,,,,,,,,1,1,,,0,0,,,,,,,,11,,11,,,,,,,,10,10,10,10,12,12,12,12,12,12,12,12,12,12,12,12,12,12,15,15,15,15,47,47,47,47,47,47,47,47,47,47,47,47,47,47,47,47,47,47,47,47,47,,,,47,,,45,45,45,45,45,45,45,45,,,,,47,,,,47,47,,,,,,,
,,,,,,,,72,68,,68,68,65,72,72,72,72,72,72,72,72,72,72,72,72,,,,,72,72,70,70,,71,71,71,,,,,,,,,,,,,,,1,1,1,,,0,0,,,,,,,,5,,,,,,,9,,,10,10,10,10,12,12,12,12,12,12,12,12,12,12,12,12,12,12,15,15,15,15,15,47,47,47,47,47,47,47,47,47,47,47,47,47,47,47,47,,47,47,47,47,,43,,45,45,45,45,45,45,45,45,45,,45,45,45,,47,,,,47,,,,,,,,
,,,,,,,72,,68,68,,65,65,65,65,65,72,72,72,,69,72,72,72,72,72,72,,72,72,,70,70,70,71,71,71,,,,,,,,,,,,,,,,1,1,,0,0,0,0,,,,5,5,5,5,5,5,5,5,5,9,9,9,10,10,10,10,12,12,12,12,12,12,12,12,12,12,12,12,13,13,13,15,15,15,15,15,46,46,46,46,46,46,46,46,47,47,47,47,47,47,47,47,47,47,47,47,,,43,43,43,45,45,45,45,45,45,45,45,45,45,45,45,,47,47,,,,47,,,,,,,
,,,,,,,,,68,,68,65,65,65,65,65,65,65,65,,69,69,69,69,69,72,72,,72,70,70,70,70,70,70,71,,71,,,,,,,,,,,,,,1,1,,,0,0,0,0,,,5,5,5,5,5,5,5,5,5,9,9,9,9,9,9,12,12,12,12,12,12,12,12,12,12,13,13,13,13,13,13,13,15,15,,15,15,46,46,46,46,46,46,46,46,46,46,47,47,47,47,,47,47,,47,,,43,43,43,43,43,45,45,44,44,45,45,45,45,45,45,45,,47,,,,,,,,,,,,
,,,,,,68,,68,,68,,,65,65,65,65,65,65,65,65,69,69,69,69,69,69,72,72,72,70,70,70,70,,,,,71,71,,,,,,,,,,,,,,,,,0,0,0,,,5,5,5,5,5,5,5,5,5,5,9,9,9,9,9,9,12,12,12,12,12,12,12,12,13,13,13,13,13,13,13,13,13,15,15,,15,15,46,46,46,46,46,46,46,46,46,46,46,,47,,,43,,,43,43,43,43,43,,43,43,,44,44,44,44,44,45,45,45,45,,,,,,,,,,,,,,,
,,,,,,,68,,68,68,68,,65,65,65,65,65,65,65,65,69,69,,69,69,69,69,69,69,69,70,70,70,71,71,,,71,71,71,,,,,,,,,,,,,,,0,,,,,2,2,2,2,5,5,5,5,5,5,6,6,6,9,9,9,9,12,12,12,12,12,12,12,12,13,13,13,13,13,13,13,13,13,13,15,15,15,46,46,46,,46,46,,46,46,46,46,,46,,43,43,43,,,43,43,43,43,,43,43,43,43,44,,44,44,44,44,45,45,45,,,40,,,40,,,,,,,,,
,,,,,,,,,68,,,68,,65,65,65,65,65,64,64,64,,,,69,69,69,69,69,69,70,70,71,71,71,,,,,,,,,,,,,,,,,,,,,,,2,2,2,2,2,2,2,6,6,6,6,6,6,6,6,6,9,9,9,12,12,12,12,13,13,13,13,13,13,13,13,13,13,13,13,13,13,13,15,46,46,46,46,46,46,46,46,46,46,46,46,,46,46,,,43,43,43,,43,43,43,43,43,43,43,43,43,44,44,44,44,44,44,45,45,,,,40,40,,,,,,,,,,
,,,,,,,,68,68,68,,68,,65,65,65,65,65,64,64,64,64,64,64,,,69,69,69,69,62,62,62,71,,71,71,,,,,,,,,,,,,,,,,,,2,2,2,2,2,2,2,2,2,6,6,6,6,6,6,6,6,,6,,,,12,12,13,13,13,13,13,13,13,13,13,13,13,13,13,13,13,13,46,46,46,46,46,46,46,46,,,,46,,46,46,46,46,46,,,43,43,43,43,43,43,43,43,43,43,43,44,44,44,44,44,44,45,45,,,,40,,,,,,,,,,,
,,,,,,,,68,,68,68,,65,65,65,65,65,65,65,65,64,64,,64,,69,69,,,62,62,62,62,,,71,,,,,,,,,,,,,,,,,,,,,,2,2,2,2,2,2,2,6,6,6,6,6,6,6,6,6,6,6,6,6,,13,13,,,13,,,13,13,13,13,13,13,,,46,46,,,26,26,46,46,46,46,,46,46,46,46,,46,46,,43,43,43,43,43,43,43,43,43,43,43,43,38,38,38,44,44,44,39,39,,,,,,,40,,,,,,,,,,
,,,,,,,,68,68,68,,,,65,65,65,65,65,65,64,64,64,,64,64,,,64,62,62,62,62,,,,,,,,,,,,,,,,,,,,,,,,,,,2,2,2,2,2,2,,,,,,6,6,6,6,6,6,6,,7,7,,,,13,13,,13,13,13,13,13,,,,26,26,,,26,26,26,26,26,26,46,46,46,,,46,,,42,42,43,43,43,43,43,43,43,38,38,38,38,38,38,38,38,39,39,,39,,,,,,,40,40,,,,,,,,,
,,,,,,,67,67,,,66,66,,,65,65,65,65,65,65,64,64,64,64,64,64,64,64,62,62,62,62,,,,,,,,,,,,,,,,,,,,,,,,,,,2,2,2,2,2,,4,4,4,4,4,4,6,6,6,7,,7,7,7,,,,,,,,,,,17,17,,,26,26,26,26,26,26,26,26,26,26,,26,,,,,,,42,42,42,42,42,43,43,43,43,38,38,38,38,38,38,38,38,38,39,39,39,,,,,,,,40,40,,,,,,,,,
,,,,,,,67,,66,66,66,,,66,,65,65,65,65,65,64,64,64,64,64,64,64,64,62,62,62,,,,,,,,,,,,,,,,,,,,,,,,,,,,2,2,2,2,2,2,4,4,4,4,4,,4,,7,7,7,7,7,7,,,,,,,,,,17,,17,,,,26,26,26,26,26,26,26,26,,26,,,,42,42,42,42,42,42,42,42,42,42,43,43,43,38,38,38,38,38,38,38,,38,,39,39,,,,,,,,40,40,,,,,,,,,
,,,,,,,67,67,,66,66,66,66,66,,65,65,65,65,64,64,64,64,64,64,64,64,64,62,62,,,,,,,,,,,,,,,,,,,,,,,,,,,,,2,2,2,2,2,2,,,4,4,4,,,7,,7,7,7,7,8,8,,,16,16,16,,,,17,17,,17,,,,26,26,26,26,26,26,26,26,26,,42,42,42,42,42,42,42,,42,,,,42,38,38,,38,38,38,38,38,,,,,39,39,39,,,,,,40,40,40,,,,,,,,,
,,,,,,,67,67,,66,66,,66,,,65,65,65,65,64,64,64,64,63,63,63,,62,62,,,,,,,,,,,,,,,,,,,,,,,,,3,3,3,3,3,,,,3,,,,,4,4,4,,,,7,7,8,8,8,,,8,16,16,16,16,,16,16,,17,17,17,,,25,25,25,25,26,26,26,,,,,42,42,42,42,42,42,,,42,42,,,,38,38,38,38,38,38,38,38,38,,38,,,39,39,39,,,,40,40,,40,,,,,,,,,
,,,,,,,67,67,67,,66,66,,66,,65,65,65,65,63,63,63,63,63,63,,63,62,62,,,,,,,,,,,,,,,,,,,,,,,,,3,3,3,3,3,3,3,3,3,,,4,,,4,4,4,,,,8,,,,,8,16,16,16,16,16,16,,,17,17,,24,,,25,25,25,25,25,25,25,25,25,,,42,42,42,42,,,,41,,42,42,,38,38,,38,38,38,38,38,38,38,38,,,,39,39,39,,40,40,40,40,40,,,,,,,,,,
,,,,,,,,67,67,67,66,66,,,65,65,65,65,65,63,63,63,63,63,63,63,63,63,,,,,,,,,,,,,,,,,,,,,,,,,,3,3,3,3,3,3,3,3,,,,,4,,,4,4,4,4,,8,8,,,,8,8,16,16,16,,,19,19,,,24,,24,24,,,25,25,25,25,25,25,,,28,,,,,,,41,,,,,38,38,,38,,38,38,38,38,38,38,38,38,,,39,39,,,40,,,40,,,,,,,,,,,
,,,,,,,,,67,67,67,66,,,66,65,65,65,63,63,63,63,63,63,63,63,63,,,,,,,,,,,,,,,,,,,,,3,,,,,,3,3,3,3,3,3,3,,,3,,,4,,,,,4,,,,8,8,,,,8,16,16,,16,16,19,19,19,19,24,24,,24,24,25,25,25,25,25,,,,28,,,,,41,,41,,,,41,41,,,,38,38,38,38,38,38,38,38,38,38,,,,,,40,,40,40,,,,,,,,,,,,
,,,,,,,,,,67,67,66,66,66,66,66,65,65,63,63,63,63,63,63,63,63,,,,,,,,,,,,,,,,,,,,,,,,,,,,3,3,3,3,3,3,3,,,,,,,,,,,4,,,8,8,,,,,,,,,,18,19,19,19,19,24,,24,24,24,25,25,25,,,25,28,28,28,,,,41,41,41,41,41,41,41,,41,,41,,37,37,,38,38,38,38,38,37,,37,,,,,40,40,,,,,,,,,,,,,,
,,,,,,,,,,67,,66,66,66,66,66,66,65,63,63,63,63,,,,73,,,,,,,,,,,,,,,,,,,,,,,,,,,,3,3,3,3,3,,,,,,,,,,,4,4,,,,,8,,,,,,,,8,,18,19,19,19,19,19,,24,24,24,24,25,25,,25,,28,28,28,28,,,,,41,41,,,41,41,41,41,,37,37,37,37,37,37,37,37,37,37,37,,,,,,,40,,,,,,,,,,,,,,
,,,,,,,,,,67,,66,,66,66,66,66,66,63,,,,,,,73,73,,,,,,,,,,,,,,,,,,,,,,,,,,,,,3,3,3,,,,23,23,23,23,23,23,,,4,,,,,,,8,8,,,,8,,,18,18,19,19,19,19,24,,24,24,24,24,25,25,,28,28,28,28,28,28,30,,,,,41,,41,41,,,37,37,37,37,37,37,37,,37,,37,37,37,,,,,,,,,,,,,,,,,,,,
,,,,,,,,,67,67,,66,,66,66,66,66,66,,,,,,,,,73,,,,,,,,,,,,,,,,,,,,,,,,,,,,,,,,,23,23,23,23,23,,23,23,,,,,,,,,,,,,,,,,18,18,18,19,19,19,19,19,24,24,24,24,24,24,25,,28,28,28,28,28,30,30,30,30,,,,41,41,,30,,37,,,37,37,37,37,37,37,37,37,37,37,,,,,,,,,,,,,,,,,,,,
,,,,,,,,,,67,,,74,,66,66,66,74,,,,,,,,,,,73,,,,,,,,,,,,,,,,,,,,,,,,,,,,23,,23,23,23,,23,23,23,23,23,,,,,,,,,,,,,,,,,18,18,18,20,19,19,19,19,24,,24,24,24,24,27,27,27,27,28,28,30,30,30,30,30,30,30,,,,,30,30,,37,37,37,,37,37,37,37,37,37,37,,,,,,40,,,,,,,,,,,,,,,
,,,,,,,,,,67,,,74,,74,66,74,74,,,,,,,73,73,73,,,,73,,,,,,,,,,,,,,,,,,,,,,,,,,23,23,23,,23,23,61,61,61,23,23,23,23,23,,,,,23,23,,,21,21,,,18,18,18,20,20,19,19,19,19,24,24,24,,,24,,27,27,27,29,29,30,30,30,30,30,30,30,30,30,30,30,30,,37,37,,37,37,37,37,37,37,37,37,37,,,37,,,,,,,,,,,,,,,,,,
,,,,,,,,,,,,,,74,74,74,74,74,,,,74,74,,,,,73,73,,,,,,,,,,,,,,,,,,,,,,,3,,,,23,23,23,,23,61,61,61,61,61,61,61,23,23,23,23,23,,,23,23,21,21,21,21,21,21,18,18,18,20,20,20,20,19,,,24,24,24,24,27,,27,27,27,29,29,29,30,30,30,30,30,30,30,31,31,31,34,,34,37,37,,37,37,37,37,37,37,37,,,37,37,,,,,,,,,,,,,,,,,,
49,,,,,,,,,,,,,,74,,74,74,74,74,,,74,74,,,,,,,,73,73,73,,73,,,,,,,,,,,,,,,,,,,,,23,,,61,61,61,61,61,61,61,61,61,61,23,23,23,23,23,23,23,23,21,21,21,21,21,,,20,20,20,20,20,20,20,,,,24,,24,27,27,27,27,27,29,29,29,29,30,30,30,30,30,31,31,31,31,,34,34,34,37,37,37,37,37,37,37,,,,,37,,,,,,,,,,,,,,,,,,,
,,49,,,,,,,,,,,,,74,74,,74,74,74,74,74,74,,,,,73,,,,,,,,,,,,,,,,,,,,,,,,3,,,23,23,61,61,61,61,61,61,61,61,61,61,61,61,61,61,61,61,61,23,61,61,21,21,21,21,21,,,20,20,20,20,20,20,20,20,,,,,,,,,27,27,29,29,29,29,30,30,30,31,31,31,31,31,,34,34,34,34,34,,37,37,,,,,,,,,,,,,,,,,,,,,,,,,,,
,,,,,,,,,,,,,,,,,74,74,74,74,74,74,,,,,,,,,,,,,,,73,,,,,,,,,,,,,,,,,61,61,61,61,61,61,61,61,61,61,61,61,61,61,61,61,61,61,61,61,61,61,61,61,21,21,21,21,21,,,20,20,20,20,20,20,20,20,,,20,,,,,,,29,29,29,32,32,32,32,31,31,31,,,,34,34,34,,34,,37,,,37,,,,,,,,,,,,,,,,,,,,,,,,,
,,,,,,,,,,,,,,,,,,,,,74,,75,75,75,,,,,,,,,,,,,,,,,,,,,,,,,,,,,61,61,61,61,61,61,61,61,61,61,61,61,61,,61,61,61,61,61,61,61,61,61,61,21,21,21,21,22,,,,20,20,20,20,20,20,20,20,20,20,20,,,,,29,,29,32,32,32,32,32,31,31,31,,,,,34,34,34,34,34,37,37,,,,,,,,,36,,,,,,,,,,,,,,,,,,
,,,,,,,,,,,,,,,,,,,,,,75,75,,75,,,,,,,,,,,,73,,,,,,,,,,,,,,,,,61,61,61,61,61,61,61,60,60,61,61,61,,61,61,61,61,61,61,61,61,61,61,22,22,22,22,22,22,22,,,20,20,20,20,20,20,20,20,20,20,20,,,,,,,32,32,32,32,32,32,32,31,,,,,,34,34,34,34,34,34,34,34,,,,,,,36,36,,,,,,,,,,,,,,,,,,
,,,,,,,,,,,,,,,,,,,,,,,,75,75,,,,,76,,76,76,,,,,,,,,,,,,,,,,,,,,61,60,61,61,61,60,60,60,60,61,61,61,61,61,61,61,61,61,,61,61,61,61,22,22,22,22,22,22,22,,,,20,,20,20,20,20,20,20,20,,,,,,,,32,32,32,32,32,32,32,,,,,,,34,,34,34,34,34,34,34,34,,,,,,36,36,,,,,,,,49,,,,,,,,,,
,,,,,,,,,,,,,,,,,,,,,,,,,75,,75,,76,,76,76,76,76,76,76,,,,,,,,,,,,,,,61,,,60,60,60,61,60,60,60,60,60,60,60,60,61,,60,61,61,61,61,61,61,61,61,61,22,22,22,22,22,22,22,,,20,,20,20,20,20,20,20,,,,,,,,,32,32,32,32,33,33,,,,,,,,,,34,34,34,34,34,34,34,,,,,,,,36,,,,,,,,,,,,,,,,,
,,,,,,,,,,,,,,,,,,,,,,,,,,75,,76,76,76,76,,76,76,76,76,76,,,,,,,,,,,,,,,,,59,59,60,60,60,60,60,60,60,60,60,60,60,60,60,60,60,61,61,61,60,60,60,60,60,22,22,22,50,50,50,,,,20,,20,20,20,,,,,,,,,,,,33,33,33,33,,,,,,,,,,,34,,34,,34,34,34,,,,,36,,36,,36,,,,,,,,,,,,,,,,
,,,,,,,,,,,,,,,,,,,,,,,,,,,,76,76,76,,76,76,,76,,76,78,,,,,,,,,,,,,,,,59,59,59,60,60,60,60,60,60,60,60,60,60,60,60,60,,60,60,60,60,60,,60,60,60,60,50,50,50,50,50,,,20,20,,,,,,,,,,,,,,,33,33,33,33,,,,,,,,,,,34,,,34,34,34,,,,,36,,,,,,,,,,,,,,,,,,,,,
,,,,,49,,,,,,,,,,,,,,,,,,,,,,,,76,76,,76,76,76,,76,,78,78,78,78,,,,,,,,,,,,,,59,,59,60,60,60,60,60,60,60,60,60,60,60,60,60,60,60,60,60,60,60,60,60,60,60,50,50,,,50,51,,,,,,20,,,,,,,,,,,,,33,33,33,,,,,,,,,,,35,,,,34,,,,,,,,,36,36,36,,,49,,,,,,,,,,,,49,
,,,,,,,,,,,,,,,,,,,,,,,,,,,77,77,,,78,78,78,,,78,78,78,78,78,78,78,,,,,,,,,,,,,,59,59,,59,59,60,60,59,59,59,59,,59,59,60,60,60,60,60,60,60,60,60,60,60,50,50,,50,50,51,51,,51,,,,,,,,,,,,,,,,33,33,,,,,,,,,,,,35,35,,,,,,,,35,,,36,,36,,,,,,,,,,,49,49,,,,,
,,,,,,,,,,,,,,,,,,,,,77,,,,,77,77,,,78,78,78,78,78,78,78,78,78,78,78,78,78,78,,,,,,,,,,,,,,59,59,,59,59,59,59,59,59,59,59,59,59,60,60,58,58,60,60,58,60,60,60,60,50,50,50,50,50,,51,51,51,,,,,,,,,,,,,,,,,33,,33,,,,,,,,,,,35,35,,,,,,35,,35,,,,,,,,,,,,,,,,,,,,,
,,,,,,,,,,,,,,,,,,,,,,,,,,77,,,78,78,78,78,78,78,78,78,78,78,78,78,78,78,78,78,79,,,,,,,,,,,,,59,59,59,59,59,,,,59,59,59,,58,58,58,58,58,58,58,58,60,60,53,50,50,,,51,51,51,51,,,,,,,,,,,,,,,,,,,,33,33,,,,,,35,35,,,35,35,,,,,35,,35,,,,,,,,,,,,,,,,,,,,,,49
,,,,,,,,,,,,,,,,,,,,,,,,,,,77,,78,78,78,78,78,78,78,78,78,78,78,78,78,78,78,78,79,79,79,79,,,,,,,,,,,,,,,,,,,,,58,58,58,58,58,58,58,58,58,58,53,,53,,53,51,51,51,51,51,,,,,,,,,,,,,,,,,,,,33,33,,,,,,,,35,,,35,,,35,35,,,35,,,35,35,35,35,,,,,,,,49,,,,,,,,
,,,,,,,,,,,,,,,,,,,,,,,,,,77,77,,78,78,78,78,78,78,78,78,78,78,78,78,78,78,78,79,79,79,79,79,79,,,,,,,,,,,,,,,,,,59,,58,58,58,58,58,58,58,58,58,53,,53,,53,53,53,51,51,51,,,,,,,,,,,,,,,33,,,,,,,,,,,,,,,35,35,,,,,35,35,35,35,35,,35,,,,,,48,,48,48,48,,,,,,,,,,
,,,,49,,,,,,,,,,,,,,,,,,,,,,,77,,78,78,78,78,78,78,78,78,78,78,78,78,78,78,78,79,79,79,79,79,79,,,,,,,,,,,,,,,,,,,,58,58,58,58,58,58,58,58,58,,53,,,,,52,51,,,,,,,,,,,,,,,,,,,,,,,,,,,,,,,,35,35,35,35,,,,35,35,35,35,,35,35,,,35,,48,48,,,,48,,48,48,,,,,,
,49,,,,,,,,,,,,,,,,,,,,,,,,,,77,,78,78,78,78,78,78,78,78,78,78,78,78,78,78,78,79,79,79,79,79,,,,,,,,,,,,,,,,,,,,,,58,58,58,58,58,58,58,58,,53,,,53,52,52,,,,,,,,,55,,,,,,,,,,,,,,,,,,,,,,,,,,35,35,35,,,,,,,,35,,35,,,,,,,48,48,,48,,,,49,,,,
,,,,,,,,,,,,,,49,,,,,,,,,,,,,77,,,78,78,78,78,78,78,78,78,78,78,78,78,79,79,79,79,79,79,,,,,,,,,,,,,,,,,,,,,,,,58,58,58,58,58,58,58,,,53,53,,52,,,,,,,,,,,,,,,,,,,,,,,,,,,,,,,,,,,,,35,35,,,,,,,,,,,,,35,,35,,48,48,,48,48,,,,,49,,
,,,,,,,,,,,,,,,,,,,,,,,,,,,,77,,,,,,78,78,78,78,78,78,79,78,79,79,79,79,79,79,,,,,,,,,,,,,,,,,,,,,,,,58,58,58,58,58,58,58,,53,53,53,52,52,,52,,,,,,,,,,,,,,,,,,,,,,,,,,,,,,,,,,,,,,35,35,35,35,,,,35,,35,,,,,,,,,,,,,,,,,
,,,,,,,,,,,,,,,,,,,,,,,,,,,,77,77,77,77,77,,78,78,78,78,78,78,79,79,79,79,79,79,,79,,,,,,,,,,,,,,,,,,,,,,,,58,58,58,58,58,58,58,,53,,53,52,52,,,,,,,,,,,,,,,,,,,,,,,,,,,,,,,,,,,,,,,35,35,,35,35,35,35,,,35,,,,,,,,48,,,,,,,,,,
,,,,49,,,,,,,,,,,,,,,,,,,,,,,,,77,,,77,,,,78,78,78,78,79,79,79,79,79,79,,79,,,,,,,,,,,,,,,,,,,,,,,,58,58,58,58,58,,,53,,53,,52,52,52,,52,,,,,,,,,,,,,,,,,,,,,,,,,,,,,,,,,,,,,,,,,,,,,,,,,48,48,,,48,,,,,,,,,49,
,49,,,,,,,,,49,,,,,,,,,,,,,,,,,,,,77,77,,,77,,,78,79,79,79,79,79,79,79,,79,79,,,,,,,,,,,,,58,,,,,,,,,,,57,57,57,54,54,54,54,54,53,,,52,52,52,,,,,,,,,,,,,,,,,,,,,,,,,,,,,,,,,,,,,,,,,,,,,,,,48,,48,48,48,,,48,48,,,,,,,,,
,,,,,49,,,,,,,49,,,,,,,,,,,,,,,,,,,,77,,77,77,,79,79,79,79,79,79,79,79,79,79,,,,,,,,,,,,,,,,,,,,,,,,57,57,,57,54,54,54,54,54,54,54,,52,52,52,,,,,,55,,,,,,,,,,,,,,,,,,,,,,,,,,,,,,,,,,,,,,,,,48,48,48,48,48,48,48,,48,48,,,,,,,49,,
,,,49,,,,,,,,,,,,,,,,,,,,,,,,,,,,,,77,,,,80,79,79,79,79,79,79,79,,,,,,,,,,,,,,,,,,,,,,,,,,57,57,57,57,54,54,54,54,54,54,54,,52,52,52,,,,,55,,,,,,,,,,,,,,,,,,,,,,,,,,,,,,,,,,,,,,,,,48,48,48,48,48,48,48,48,48,48,48,48,,,,,,,49,
,,,,,,,,,49,,,,,,,49,,,,,,,,,,,,,,,,,77,77,,80,80,79,79,79,79,79,79,,,,,,,,,,,,,,,,,,,,,,,,,,,57,57,57,57,57,54,54,54,54,54,54,54,52,52,52,,,,55,55,55,,,,,,55,,,,,,,,,,,,,,,,,,,,,,,,,,,,,,,,48,48,48,48,48,48,48,48,48,48,48,48,48,48,48,,,,,,,
,,,,,,,,,,,,,,,,,,,,49,,,,,,,,,,,,,77,,,80,80,79,79,79,79,79,79,,,,,,,,,,,,,,,,,,,,,,,,,,,57,57,57,57,57,57,54,54,54,54,,52,52,,,,,,55,,55,,,,55,,,,,,,,,,,,,,,,,,,,,,,,,,,,,,,,48,48,48,48,48,48,48,48,,48,48,48,48,48,48,48,48,48,,,,,,
,,,,,,,,,,,,,,,,,,,,,,,,,,,,,,,,,77,,80,80,80,80,79,79,79,79,,,,,,,,,,,,,,,,,,,,,,,,,,,,,,57,57,57,57,57,56,56,56,56,52,,,,,,55,55,55,,,,,,,,,,,,,,,,,,,,,,,,,,,,,,,,,,,,,48,48,,48,48,48,48,48,48,48,48,48,48,48,48,48,48,48,,,,,,
,,,,,,,,,,,,,,,,,,,,,,,,,,,,,,,,,77,,80,,80,80,80,79,79,79,,,,,,,,,,,,,,,,,,,,,,,,,,,,,57,57,57,57,57,56,56,56,56,56,56,,,,,,55,55,,,,,,,,,,,,,,,,,,,,,,,,,,,,,,,,,,,,,,48,48,48,48,48,48,48,,48,48,48,48,48,48,48,48,48,48,,,,,,
,,,,,,,,,,,,,,,,,,,,,,,,,,,,,,,,,77,,80,80,80,80,80,80,79,,,,,,,,,,,,,,,,,,,,,,,,,,,,,,57,57,57,57,56,56,56,56,56,56,56,,,,,,,55,,,,,,,,,,,,,,,,,,,,,,,,,,,,,,,,,,,,,,48,48,48,48,48,48,48,48,48,48,,48,48,48,48,48,48,48,,,,,,
,,,,,,,,,,,,,,,,,,,,,,,,,,,,,,,,,77,,80,80,80,80,80,80,,,,,,,,,,,,,,,,,,,,,,,,,,,,,,,57,,57,57,56,56,56,56,56,56,,,,,,,,,,,,,,,,,,,,,,,,,,,,,,,,,,,,,,,,,,,,,,48,48,48,48,48,48,48,48,48,48,48,48,48,48,48,48,,48,,,,,,
,,,,,,,,,,,,,,,,,,,,,,,,,,,,,,,,,77,,80,80,80,80,,,,,,,,,,,,,,,,,,,,,,,,,,,,,,,,,,56,56,56,56,56,56,,56,,,,,,,,,,,,,,,,,,,,,,,,,,,,,,,,,,,,,,,,,,,,,,,,48,48,48,48,48,48,48,48,48,48,48,48,48,48,48,48,48,,,,,,
49,,,,,,,,,,,,,,,,,,,,,,,,,,,,,,,,,,,80,80,80,80,80,,,,,,,,,,,,,,,,,,,,,,,,,,,,,,,,,,56,56,56,,,56,56,,,,,,,,,,,,,,,,,,,,,,,,,,,,,,,,,,,,,,,,,,,,,,,48,48,48,48,,,,,48,48,48,48,48,48,48,,48,,,,,,,
,49,,,,,,,,,,,,,,,,,,,,,,,,,,,,,,,80,,80,80,80,80,80,80,,,,,,,,,,,,,,,,,,,,,,,,,,,,,,,,,56,56,56,56,56,56,56,,,,,,,,,,,,,,,,,,,,,,,,,,,,,,,,,,,,,,,,,,,,,,,,,,,,,,,,,48,,48,48,48,48,,48,,,,,,,
,49,49,,,,,,,,,,,,,,,,,,,,,,,,,,,,,,80,,80,80,80,80,,,,,,,,,,,,,,,,,,,,,,,,,,,,,,,,,,,,,,,,,,,,,,,,,,,,,,,,,,,,,,,,,,,,,,,,,,,,,,,,,,,,,,,,,,,,,,,,,,,,48,48,48,,48,48,,,,,,,
49,,,,,,,,,,,,,,,,,,,,,,,,,,,,,,,,80,80,,80,80,,,,,,,,,,,,,,,,,,,,,,,,,,,,,,,,,,,,,,,,,,,,,,,,,,,,,,,,,,,,,,,,,,,,,,,,,,,,,,,,,,,,,,,,,,,,,,,,,,,,,,48,48,48,48,,,,,,,,
,49,,,,,,,,,,,,,,,,,,,,,,,,,,,,,,,,,,80,80,,,,,,,,,,,,,,,,,,,,,,,,,,,,,,,,,,,,,,,,,,,,,,,,,,,,,,,,,,,,,,,,,,,,,,,,,,,,,,,,,,,,,,,,,,,,,,,,,,,,,,,,,,,,,,,,,
49,,,,,,,,,,,,,,,,,,,,,,,,,,,,,,,,,,80,80,,,,,,,,,,,,,,,,,,,,,,,,,,,,,,,,,,,,,,,,,,,,,,,,,,,,,,,,,,,,,,,,,81,,,,,,,,,,,,,,,,,,,,,,,,,,,,,,,,,,,,,,,,48,48,,,,,,,,49
49,,,,,,,,,,,,,,,,,,,,,,,,,,,,,,,,,,80,80,80,,,,,,,,,,,,,,,,,,,,,,,,,,,,,,,,,,,,,,,,,,,,,,,,,,,,,,,,,,,,,,,,,,,,,,,,,,,,,,,,,,,,,,,,,,,,,,,,,,,,,,,,,48,,,,,,,,
,,,,,,,,,,,,,,,,,,,,,,,,,,,,,,,,,,80,80,,,,80,,,,,,,,,,,,,,,,,,,,,,,,,,,,,,,,,,,,,,,,,,,,,,,,,,,,,,,,,,,,,,,,,,,,,,,,,,,,,,,,,,,,,,,,,,,,,,,,,,,,,,,,,,,,,,49
,,,,,,,,,,,,,,,,,,,,,,,,,,,,,,,,,,80,80,,,,,,,,,,,,,,,,,,,,,,,,,,,,,,,,,,,,,,,,,,,,,,,,,,,,,,,,,,,,,,,,,,,,,,,,,,,,,,,,,,,,,,,,,,,,,,,,,,,,,,,,,,,,,,,,,49,49
,,,,,,,,,,,,,,,,,,,,,,,,,,,,,,,,,,,80,80,,,,,,,,,,,,,81,,,,,,,,,,,,,,,,,,,,,,,,,,,,,,,,,,,,,,,,,,,,,,,,,,,,,,,,,,,,,,,,,,,,,,,,,,,,,,,,,,,,,,,,,,,,,,,,,,,,
,,,,,,,,,,,,,,,,,,,,,,,,,,,,,,,,,,,,,,,,,,,,,,,,,,,,,,,,,,,,,,,,,,,,,,,,,,,,,,,,,,,,,,,,,,,,,,,,,,,,,,,,,,,,,,,,,,,,,,,,,,,,,,,,,,,,,,,,,,,,,,,,,,,,,
,,,,,,,,,,,,,,,,,,,,,,,,,,,,,,,,,,,,,,,,81,,,,,,,,,,,,,,,,,,,,,,,,,,,,,,,,,,,,,,,,,,,,,,,,,,81,81,81,81,81,81,81,,,,,,,,,,,,,,,,,,,,,81,81,81,81,81,,,81,81,,,,,,,,,,,,,,,,,,,,,,,,
,,,,,,,,,,,,,,,,,,,,,,,,,,,,,,,,,,,,,,,81,81,,,,,,,,,,,,,,,,,,,,,,,,,,,,,,,,,,,,,81,81,81,81,81,81,81,81,81,81,81,81,81,81,81,81,81,81,81,81,81,81,81,81,81,,,,,81,81,81,81,81,81,81,81,81,81,81,81,81,81,81,81,81,81,81,81,81,81,,81,81,81,81,,,,,,,,,,,,,,,,,
